number,name,form,classification,type-1,type-2,ability-1,ability-2,ability-hidden,predecessors,successors
1,Bulbasaur,,,Grass,Poison,Overgrow,,Chlorophyll,,2
2,Ivysaur,,,Grass,Poison,Overgrow,,Chlorophyll,1,3
3,Venusaur,,,Grass,Poison,Overgrow,,Chlorophyll,2,
4,Charmander,,,Fire,,Blaze,,Solar Power,,5
5,Charmeleon,,,Fire,,Blaze,,Solar Power,4,6
6,Charizard,,,Fire,Flying,Blaze,,Solar Power,5,
7,Squirtle,,,Water,,Torrent,,Rain Dish,,8
8,Wartortle,,,Water,,Torrent,,Rain Dish,7,9
9,Blastoise,,,Water,,Torrent,,Rain Dish,8,
10,Caterpie,,,Bug,,Shield Dust,,Run Away,,11
11,Metapod,,,Bug,,Shed Skin,,,10,12
12,Butterfree,,,Bug,Flying,Compound Eyes,,Tinted Lens,11,
13,Weedle,,,Bug,Poison,Shield Dust,,Run Away,,14
14,Kakuna,,,Bug,Poison,Shed Skin,,,13,15
15,Beedrill,,,Bug,Poison,Swarm,,Sniper,14,
16,Pidgey,,,Normal,Flying,Keen Eye,Tangled Feet,Big Pecks,,17
17,Pidgeotto,,,Normal,Flying,Keen Eye,Tangled Feet,Big Pecks,16,18
18,Pidgeot,,,Normal,Flying,Keen Eye,Tangled Feet,Big Pecks,17,
19a,Rattata,Normal,,Normal,,Run Away,Guts,Hustle,,20a
19b,Rattata,Alolan,,Dark,Normal,Gluttony,Hustle,Thick Fat,,20b
20a,Raticate,Normal,,Normal,,Run Away,Guts,Hustle,19a,
20b,Raticate,Alolan,,Dark,Normal,Gluttony,Hustle,Thick Fat,19b,
21,Spearow,,,Normal,Flying,Keen Eye,,Sniper,,22
22,Fearow,,,Normal,Flying,Keen Eye,,Sniper,21,
23,Ekans,,,Poison,,Intimidate,Shed Skin,Unnerve,,24
24,Arbok,,,Poison,,Intimidate,Shed Skin,Unnerve,23,
25,Pikachu,,,Electric,,Static,,Lightning Rod,172,"26,26a"
26a,Raichu,Normal,,Electric,,Static,,Lightning Rod,25,
26b,Raichu,Alolan,,Electric,Psychic,Surge Surfer,,,25,
27a,Sandshrew,Normal,,Ground,,Sand Veil,,Sand Rush,,28a
27b,Sandshrew,Alolan,,Ice,Steel,Snow Cloak,,Slush Rush,,28b
28a,Sandslash,Normal,,Ground,,Sand Veil,,Sand Rush,27a,
28b,Sandslash,Alolan,,Ice,Steel,Snow Cloak,,Slush Rush,27b,
29,Nidoran♀,,,Poison,,Poison Point,Rivalry,Hustle,,30
30,Nidorina,,,Poison,,Poison Point,Rivalry,Hustle,29,31
31,Nidoqueen,,,Poison,Ground,Poison Point,Rivalry,Sheer Force,30,
32,Nidoran♂,,,Poison,,Poison Point,Rivalry,Hustle,,33
33,Nidorino,,,Poison,,Poison Point,Rivalry,Hustle,32,34
34,Nidoking,,,Poison,Ground,Poison Point,Rivalry,Sheer Force,33,
35,Clefairy,,,Fairy,,Cute Charm,Magic Guard,Friend Guard,,36
36,Clefable,,,Fairy,,Cute Charm,Magic Guard,Unaware,35,
37a,Vulpix,Normal,,Fire,,Flash Fire,,Drought,,38a
37b,Vulpix,Alolan,,Ice,,Snow Cloak,,Snow Warning,,38b
38a,Ninetales,Normal,,Fire,,Flash Fire,,Drought,37a,
38b,Ninetales,Alolan,,Ice,Fairy,Snow Cloak,,Snow Warning,37b,
39,Jigglypuff,,,Normal,Fairy,Cute Charm,Competitive,Friend Guard,174,40
40,Wigglytuff,,,Normal,Fairy,Cute Charm,Competitive,Frisk,39,
41,Zubat,,,Poison,Flying,Inner Focus,,Infiltrator,,42
42,Golbat,,,Poison,Flying,Inner Focus,,Infiltrator,41,169
43,Oddish,,,Grass,Poison,Chlorophyll,,Run Away,,44
44,Gloom,,,Grass,Poison,Chlorophyll,,Stench,43,"45,182"
45,Vileplume,,,Grass,Poison,Chlorophyll,,Effect Spore,44,
46,Paras,,,Bug,Grass,Effect Spore,Dry Skin,Damp,,47
47,Parasect,,,Bug,Grass,Effect Spore,Dry Skin,Damp,46,
48,Venonat,,,Bug,Poison,Compound Eyes,Tinted Lens,Run Away,,49
49,Venomoth,,,Bug,Poison,Shield Dust,Tinted Lens,Wonder Skin,48,
50a,Diglett,Normal,,Ground,,Sand Veil,Arena Trap,Sand Force,,51a
50b,Diglett,Alolan,,Ground,Steel,Sand Veil,Tangling Hair,Sand Force,,51b
51a,Dugtrio,Normal,,Ground,,Sand Veil,Arena Trap,Sand Force,50a,
51b,Dugtrio,Alolan,,Ground,Steel,Sand Veil,Tangling Hair,Sand Force,50b,
52a,Meowth,Normal,,Normal,,Pickup,Technician,Unnerve,,53a
52b,Meowth,Alolan,,Dark,,Pickup,Technician,Rattled,,53b
52c,Meowth,Galarian,,Steel,,Pickup,Tough Claws,Unnerve,,863
53a,Persian,,,Normal,,Limber,Technician,Unnerve,52a,
53b,Persian,Alolan,,Dark,,Fur Coat,Technician,Rattled,52b,
54,Psyduck,,,Water,,Damp,Cloud Nine,Swift Swim,,55
55,Golduck,,,Water,,Damp,Cloud Nine,Swift Swim,54,
56,Mankey,,,Fighting,,Vital Spirit,Anger Point,Defiant,,57
57,Primeape,,,Fighting,,Vital Spirit,Anger Point,Defiant,56,
58a,Growlithe,,,Fire,,Intimidate,Flash Fire,Justified,,59a
58b,Growlithe,Hisuian,,Fire,Rock,,,,,59b
59a,Arcanine,,,Fire,,Intimidate,Flash Fire,Justified,58a,
59b,Arcanine,Hisuian,,Fire,Rock,,,,58b,
60,Poliwag,,,Water,,Water Absorb,Damp,Swift Swim,,61
61,Poliwhirl,,,Water,,Water Absorb,Damp,Swift Swim,60,"62,186"
62,Poliwrath,,,Water,,Water Absorb,Damp,Swift Swim,61,
63,Abra,,,Psychic,,Synchronize,Inner Focus,Magic Guard,,64
64,Kadabra,,,Psychic,,Synchronize,Inner Focus,Magic Guard,63,65
65,Alakazam,,,Psychic,,Synchronize,Inner Focus,Magic Guard,64,
66,Machop,,,Fighting,,Guts,No Guard,Steadfast,,67
67,Machoke,,,Fighting,,Guts,No Guard,Steadfast,66,68
68,Machamp,,,Fighting,,Guts,No Guard,Steadfast,67,
69,Bellsprout,,,Grass,Poison,Chlorophyll,,Gluttony,,70
70,Weepinbell,,,Grass,Poison,Chlorophyll,,Gluttony,69,71
71,Victreebel,,,Grass,Poison,Chlorophyll,,Gluttony,70,
72,Tentacool,,,Water,Poison,Clear Body,Liquid Ooze,Rain Dish,,73
73,Tentacruel,,,Water,Poison,Clear Body,Liquid Ooze,Rain Dish,72,
74a,Geodude,Normal,,Rock,Ground,Rock Head,Sturdy,Sand Veil,,75a
74b,Geodude,Alolan,,Rock,Electric,Magnet Pull,Sturdy,Galvanize,,75b
75a,Graveler,Normal,,Rock,Ground,Rock Head,Sturdy,Sand Veil,74a,76a
75b,Graveler,Alolan,,Rock,Electric,Magnet Pull,Sturdy,Galvanize,74b,76b
76a,Golem,Normal,,Rock,Ground,Rock Head,Sturdy,Sand Veil,75a,
76b,Golem,Alolan,,Rock,Electric,Magnet Pull,Sturdy,Galvanize,75b,
77a,Ponyta,Normal,,Fire,,Run Away,Flash Fire,Flame Body,,78a
77b,Ponyta,Galarian,,Psychic,,Run Away,Pastel Veil,Anticipation,,78b
78a,Rapidash,Normal,,Fire,,Run Away,Flash Fire,Flame Body,77a,
78b,Rapidash,Galarian,,Psychic,Fairy,Run Away,Pastel Veil,Anticipation,77b,
79a,Slowpoke,Normal,,Water,Psychic,Oblivious,Own Tempo,Regenerator,,80a
79b,Slowpoke,Galarian,,Psychic,,Gluttony,Own Tempo,Regenerator,,80b
80a,Slowbro,Normal,,Water,Psychic,Oblivious,Own Tempo,Regenerator,79a,199a
80b,Slowbro,Galarian,,Poison,Psychic,Quick Draw,Own Tempo,Regenerator,79b,199b
81,Magnemite,,,Electric,Steel,Magnet Pull,Sturdy,Analytic,,82
82,Magneton,,,Electric,Steel,Magnet Pull,Sturdy,Analytic,81,462
83a,Farfetch'd,Normal,,Normal,Flying,Keen Eye,Inner Focus,Defiant,,
83b,Farfetch'd,Galarian,,Fighting,,Steadfast,,Scrappy,,865
84,Doduo,,,Normal,Flying,Run Away,Early Bird,Tangled Feet,,85
85,Dodrio,,,Normal,Flying,Run Away,Early Bird,Tangled Feet,84,
86,Seel,,,Water,,Thick Fat,Hydration,Ice Body,,87
87,Dewgong,,,Water,Ice,Thick Fat,Hydration,Ice Body,86,
88a,Grimer,Normal,,Poison,,Stench,Sticky Hold,Poison Touch,,89a
88b,Grimer,Alolan,,Poison,Dark,Poison Touch,Gluttony,Power of Alchemy,,89b
89a,Muk,Normal,,Poison,,Stench,Sticky Hold,Poison Touch,88a,
89b,Muk,Alolan,,Poison,Dark,Poison Touch,Gluttony,Power of Alchemy,88b,
90,Shellder,,,Water,,Shell Armor,Skill Link,Overcoat,,91
91,Cloyster,,,Water,Ice,Shell Armor,Skill Link,Overcoat,90,
92,Gastly,,,Ghost,Poison,Levitate,,,,93
93,Haunter,,,Ghost,Poison,Levitate,,,92,94
94,Gengar,,,Ghost,Poison,Cursed Body,,,93,
95,Onix,,,Rock,Ground,Rock Head,Sturdy,Weak Armor,,208
96,Drowzee,,,Psychic,,Insomnia,Forewarn,Inner Focus,,97
97,Hypno,,,Psychic,,Insomnia,Forewarn,Inner Focus,96,
98,Krabby,,,Water,,Hyper Cutter,Shell Armor,Sheer Force,,99
99,Kingler,,,Water,,Hyper Cutter,Shell Armor,Sheer Force,98,
100a,Voltorb,Normal,,Electric,,Soundproof,Static,Aftermath,,101a
100b,Voltorb,Hisuian,,Electric,Grass,,,,,101b
101a,Electrode,Normal,,Electric,,Soundproof,Static,Aftermath,100a,
101b,Electrode,Hisuian,,Electric,Grass,,,,100b,
102,Exeggcute,,,Grass,Psychic,Chlorophyll,,Harvest,,"103a,103b"
103,Exeggutor,Normal,,Grass,Psychic,Chlorophyll,,Harvest,102,
103b,Exeggutor,Alolan,,Grass,Dragon,Frisk,Frisk,Harvest,102,
104,Cubone,,,Ground,,Rock Head,Lightning Rod,Battle Armor,,"105a,105b"
105a,Marowak,Normal,,Ground,,Rock Head,Lightning Rod,Battle Armor,104,
105b,Marowak,Alolan,,Fire,Ghost,Cursed Body,Lightning Rod,Rock Head,104,
106,Hitmonlee,,,Fighting,,Limber,Reckless,Unburden,236,
107,Hitmonchan,,,Fighting,,Keen Eye,Iron Fist,Inner Focus,236,
108,Lickitung,,,Normal,,Own Tempo,Oblivious,Cloud Nine,,463
109,Koffing,,,Poison,,Levitate,Neutralizing Gas,Stench,,"110a,110b"
110a,Weezing,Normal,,Poison,,Levitate,Neutralizing Gas,Stench,109,
110b,Weezing,Galarian,,Poison,Fairy,Levitate,Neutralizing Gas,Misty Surge,109,
111,Rhyhorn,,,Rock,Ground,Lightning Rod,Rock Head,Reckless,,112
112,Rhydon,,,Rock,Ground,Lightning Rod,Rock Head,Reckless,111,464
113,Chansey,,,Normal,,Natural Cure,Serene Grace,Healer,440,242
114,Tangela,,,Grass,,Chlorophyll,Leaf Guard,Regenerator,,465
115,Kangaskhan,,,Normal,,Early Bird,Scrappy,Inner Focus,,
116,Horsea,,,Water,,Swift Swim,Sniper,Damp,,117
117,Seadra,,,Water,,Poison Point,Sniper,Damp,116,230
118,Goldeen,,,Water,,Swift Swim,Water Veil,Lightning Rod,,119
119,Seaking,,,Water,,Swift Swim,Water Veil,Lightning Rod,118,
120,Staryu,,,Water,,Illuminate,Natural Cure,Analytic,,121
121,Starmie,,,Water,Psychic,Illuminate,Natural Cure,Analytic,120,
122a,Mr.Mime,Normal,,Psychic,Fairy,Soundproof,Filter,Technician,439,
122b,Mr.Mime,Galarian,,Ice,Psychic,Vital Spirit,Screen Cleaner,Ice Body,439,866
123,Scyther,,,Bug,Flying,Swarm,Technician,Steadfast,,"212,900"
124,Jynx,,,Ice,Psychic,Oblivious,Forewarn,Dry Skin,238,
125,Electabuzz,,,Electric,,Static,,Vital Spirit,239,466
126,Magmar,,,Fire,,Flame Body,,Vital Spirit,240,467
127,Pinsir,,,Bug,,Hyper Cutter,Mold Breaker,Moxie,,
128a,Tauros,Normal,,Normal,,Intimidate,Anger Point,Sheer Force,,
128b,Tauros,Paldean Combat,,Fighting,,Intimidate,Anger Point,Cud Chew,,
128c,Tauros,Paldean Blaze,,Fighting,Fire,Intimidate,Anger Point,Cud Chew,,
128d,Tauros,Paldean Aqua,,Fighting,Water,Intimidate,Anger Point,Cud Chew,,
129,Magikarp,,,Water,,Swift Swim,,Rattled,,130
130,Gyarados,,,Water,Flying,Intimidate,,Moxie,129,
131,Lapras,,,Water,Ice,Water Absorb,Shell Armor,Hydration,,
132,Ditto,,,Normal,,Limber,,Imposter,,
133,Eevee,,,Normal,,Run Away,Adaptability,Anticipation,,"134,135,136,196,197,470,471,700"
134,Vaporeon,,,Water,,Water Absorb,,Hydration,133,
135,Jolteon,,,Electric,,Volt Absorb,,Quick Feet,133,
136,Flareon,,,Fire,,Flash Fire,,Guts,133,
137,Porygon,,,Normal,,Trace,Download,Analytic,,233
138,Omanyte,,,Rock,Water,Swift Swim,Shell Armor,Weak Armor,,139
139,Omastar,,,Rock,Water,Swift Swim,Shell Armor,Weak Armor,138,
140,Kabuto,,,Rock,Water,Swift Swim,Battle Armor,Weak Armor,,141
141,Kabutops,,,Rock,Water,Swift Swim,Battle Armor,Weak Armor,140,
142,Aerodactyl,,,Rock,Flying,Rock Head,Pressure,Unnerve,,
143,Snorlax,,,Normal,,Immunity,Thick Fat,Gluttony,446,
144a,Articuno,Normal,Legendary,Ice,Flying,Pressure,,Snow Cloak,,
144b,Articuno,Galarian,Legendary,Psychic,Flying,Competitive,,,,
145a,Zapdos,Normal,Legendary,Electric,Flying,Pressure,,Static,,
145b,Zapdos,Galarian,Legendary,Fighting,Flying,Defiant,,,,
146a,Moltres,Normal,Legendary,Fire,Flying,Pressure,,Flame Body,,
146b,Moltres,Galarian,Legendary,Dark,Flying,Berserk,,,,
147,Dratini,,,Dragon,,Shed Skin,,Marvel Scale,,148
148,Dragonair,,,Dragon,,Shed Skin,,Marvel Scale,147,149
149,Dragonite,,,Dragon,Flying,Inner Focus,,Multiscale,148,
150,Mewtwo,,Legendary,Psychic,,Pressure,,Unnerve,,
151,Mew,,Mythical,Psychic,,Synchronize,,,,

152,Chikorita,,,Grass,,Overgrow,,Leaf Guard,,153
153,Bayleef,,,Grass,,Overgrow,,Leaf Guard,152,153
154,Meganium,,,Grass,,Overgrow,,Leaf Guard,,
155,Cyndaquil,,,Fire,,Blaze,,Flash Fire,,156
156,Quilava,,,Fire,,Blaze,,Flash Fire,155,"157a,157b"
157a,Typhlosion,Normal,,Fire,,Blaze,,Flash Fire,156,
157b,Typhlosion,Hisuian,,Fire,Ghost,,,,156,
158,Totodile,,,Water,,Torrent,,Sheer Force,,159
159,Croconaw,,,Water,,Torrent,,Sheer Force,158,160
160,Feraligatr,,,Water,,Torrent,,Sheer Force,159,
161,Sentret,,,Normal,,Run Away,Keen Eye,Frisk,,162
162,Furret,,,Normal,,Run Away,Keen Eye,Frisk,161,
163,Hoothoot,,,Normal,Flying,Insomnia,Keen Eye,Tinted Lens,,164
164,Noctowl,,,Normal,Flying,Insomnia,Keen Eye,Tinted Lens,163,
165,Ledyba,,,Bug,Flying,Swarm,Early Bird,Rattled,,166
166,Ledian,,,Bug,Flying,Swarm,Early Bird,Iron Fist,165,
167,Spinarak,,,Bug,Poison,Swarm,Insomnia,Sniper,,168
168,Ariados,,,Bug,Poison,Swarm,Insomnia,Sniper,167,
169,Crobat,,,Poison,Flying,Inner Focus,,Infiltrator,42,
170,Chinchou,,,Water,Electric,Volt Absorb,Illuminate,Water Absorb,,171
171,Lanturn,,,Water,Electric,Volt Absorb,Illuminate,Water Absorb,170,
172,Pichu,,,Electric,,Static,,Lightning Rod,,25
173,Cleffa,,,Fairy,,Cute Charm,Magic Guard,Friend Guard,,35
174,Igglybuff,,,Normal,Fairy,Cute Charm,Competitive,Friend Guard,,39
175,Togepi,,,Fairy,,Hustle,Serene Grace,Super Luck,,176
176,Togetic,,,Fairy,Flying,Hustle,Serene Grace,Super Luck,175,468
177,Natu,,,Psychic,Flying,Synchronize,Early Bird,Magic Bounce,,178
178,Xatu,,,Psychic,Flying,Synchronize,Early Bird,Magic Bounce,177,
179,Mareep,,,Electric,,Static,,Plus,,180
180,Flaaffy,,,Electric,,Static,,Plus,179,181
181,Ampharos,,,Electric,,Static,,Plus,180,
182,Bellossom,,,Grass,,Chlorophyll,,Healer,44,
183,Marill,,,Water,Fairy,Thick Fat,Huge Power,Sap Sipper,298,184
184,Azumarill,,,Water,Fairy,Thick Fat,Huge Power,Sap Sipper,183,
185,Sudowoodo,,,Rock,,Sturdy,Rock Head,Rattled,438,
186,Politoed,,,Water,,Water Absorb,Damp,Drizzle,61,
187,Hoppip,,,Grass,Flying,Chlorophyll,Leaf Guard,Infiltrator,,188
188,Skiploom,,,Grass,Flying,Chlorophyll,Leaf Guard,Infiltrator,187,189
189,Jumpluff,,,Grass,Flying,Chlorophyll,Leaf Guard,Infiltrator,188,
190,Aipom,,,Normal,,Run Away,Pickup,Skill Link,,424
191,Sunkern,,,Grass,,Chlorophyll,Solar Power,Early Bird,,
192,Sunflora,,,Grass,,Chlorophyll,Solar Power,Early Bird,,
193,Yanma,,,Bug,Flying,Speed Boost,Compound Eyes,Frisk,,469
194a,Wooper,Normal,,Water,Ground,Damp,Water Absorb,Unaware,,195
194b,Wooper,Paldean,,Poison,Ground,Poison Point,Water Absorb,Unaware,,980
195,Quagsire,,,Water,Ground,Damp,Water Absorb,Unaware,194a,
196,Espeon,,,Psychic,,Synchronize,,Magic Bounce,133,
197,Umbreon,,,Dark,,Synchronize,,Inner Focus,133,
198,Murkrow,,,Dark,Flying,Insomnia,Super Luck,Prankster,,430
199a,Slowking,Normal,,Water,Psychic,Oblivious,Own Tempo,Regenerator,80a,
199b,Slowking,Galarian,,Poison,Psychic,Curious Medicine,Own Tempo,Regenerator,80b,
200,Misdreavus,,,Ghost,,Levitate,,,,429
201a,Unown,A,,Psychic,,Levitate,,,,
201b,Unown,B,,Psychic,,Levitate,,,,
201c,Unown,C,,Psychic,,Levitate,,,,
201d,Unown,D,,Psychic,,Levitate,,,,
201e,Unown,E,,Psychic,,Levitate,,,,
201f,Unown,F,,Psychic,,Levitate,,,,
201g,Unown,G,,Psychic,,Levitate,,,,
201h,Unown,H,,Psychic,,Levitate,,,,
201i,Unown,I,,Psychic,,Levitate,,,,
201j,Unown,J,,Psychic,,Levitate,,,,
201k,Unown,K,,Psychic,,Levitate,,,,
201l,Unown,L,,Psychic,,Levitate,,,,
201m,Unown,M,,Psychic,,Levitate,,,,
201n,Unown,N,,Psychic,,Levitate,,,,
201o,Unown,O,,Psychic,,Levitate,,,,
201p,Unown,P,,Psychic,,Levitate,,,,
201q,Unown,Q,,Psychic,,Levitate,,,,
201r,Unown,R,,Psychic,,Levitate,,,,
201s,Unown,S,,Psychic,,Levitate,,,,
201t,Unown,T,,Psychic,,Levitate,,,,
201u,Unown,U,,Psychic,,Levitate,,,,
201v,Unown,V,,Psychic,,Levitate,,,,
201w,Unown,W,,Psychic,,Levitate,,,,
201x,Unown,X,,Psychic,,Levitate,,,,
201y,Unown,Y,,Psychic,,Levitate,,,,
201z,Unown,Z,,Psychic,,Levitate,,,,
201!,Unown,!,,Psychic,,Levitate,,,,
201?,Unown,?,,Psychic,,Levitate,,,,
202,Wobbuffet,,,Psychic,,Shadow Tag,,Telepathy,360,
203,Girafarig,,,Normal,Psychic,Inner Focus,Early Bird,Sap Sipper,,981
204,Pineco,,,Bug,,Sturdy,,Overcoat,,205
205,Forretress,,,Bug,Steel,Sturdy,,Overcoat,204,
206,Dunsparce,,,Normal,,Serene Grace,Run Away,Rattled,,"982a,982b"
207,Gligar,,,Ground,Flying,Hyper Cutter,Sand Veil,Immunity,,472
208,Steelix,,,Steel,Ground,Rock Head,Sturdy,Sheer Force,95,
209,Snubbull,,,Fairy,,Intimidate,Run Away,Rattled,,210
210,Granbull,,,Fairy,,Intimidate,Quick Feet,Rattled,209,
211a,Qwilfish,Normal,,Water,Poison,Poison Point,Swift Swim,Intimidate,,
211b,Qwilfish,Hisuian,,Dark,Poison,,,,,904
212,Scizor,,,Bug,Steel,Swarm,Technician,Light Metal,123,
213,Shuckle,,,Bug,Rock,Sturdy,Gluttony,Contrary,,
214,Heracross,,,Bug,Fighting,Swarm,Guts,Moxie,,
215a,Sneasel,Normal,,Dark,Ice,Inner Focus,Keen Eye,Pickpocket,,461
215b,Sneasel,Hisuian,,Fighting,Poison,,,,,903
216,Teddiursa,,,Normal,,Pickup,Quick Feet,Honey Gather,,217
217,Ursaring,,,Normal,,Guts,Quick Feet,Unnerve,216,901
218,Slugma,,,Fire,,Magma Armor,Flame Body,Weak Armor,,219
219,Magcargo,,,Fire,Rock,Magma Armor,Flame Body,Weak Armor,218,
220,Swinub,,,Ice,Ground,Oblivious,Snow Cloak,Thick Fat,,221
221,Piloswine,,,Ice,Ground,Oblivious,Snow Cloak,Thick Fat,220,473
222a,Corsola,Normal,,Water,Rock,Hustle,Natural Cure,Regenerator,,
222b,Corsola,Galarian,,Ghost,,Weak Armor,,Cursed Body,,864
223,Remoraid,,,Water,,Hustle,Sniper,Moody,,224
224,Octillery,,,Water,,Suction Cups,Sniper,Moody,223,
225,Delibird,,,Ice,Flying,Vital Spirit,Hustle,Insomnia,,
226,Mantine,,,Water,Flying,Swift Swim,Water Absorb,Water Veil,458,
227,Skarmory,,,Steel,Flying,Keen Eye,Sturdy,Weak Armor,,
228,Houndour,,,Dark,Fire,Early Bird,Flash Fire,Unnerve,,229
229,Houndoom,,,Dark,Fire,Early Bird,Flash Fire,Unnerve,228,
230,Kingdra,,,Water,Dragon,Swift Swim,Sniper,Damp,117,
231,Phanpy,,,Ground,,Pickup,,Sand Veil,,232
232,Donphan,,,Ground,,Sturdy,,Sand Veil,231,
233,Porygon2,,,Normal,,Trace,Download,Analytic,137,474
234,Stantler,,,Normal,,Intimidate,Frisk,Sap Sipper,,899
235,Smeargle,,,Normal,,Own Tempo,Technician,Moody,,
236,Tyrogue,,,Fighting,,Guts,Steadfast,Vital Spirit,,"106,107,237"
237,Hitmontop,,,Fighting,,Intimidate,Technician,Steadfast,236,
238,Smoochum,,,Ice,Psychic,Oblivious,Forewarn,Hydration,,124
239,Elekid,,,Electric,,Static,,Vital Spirit,,125
240,Magby,,,Fire,,Flame Body,,Vital Spirit,,126
241,Miltank,,,Normal,,Thick Fat,Scrappy,Sap Sipper,,
242,Blissey,,,Normal,,Natural Cure,Serene Grace,Healer,113,
243,Raikou,,Legendary,Electric,,Pressure,,Inner Focus,,
244,Entei,,Legendary,Fire,,Pressure,,Inner Focus,,
245,Suicune,,Legendary,Water,,Pressure,,Inner Focus,,
246,Larvitar,,,Rock,Ground,Guts,,Sand Veil,,
247,Pupitar,,,Rock,Ground,Shed Skin,,,,
248,Tyranitar,,,Rock,Dark,Sand Stream,,Unnerve,,
249,Lugia,,Legendary,Psychic,Flying,Pressure,,Multiscale,,
250,Ho-Oh,,Legendary,Water,Flying,Pressure,,Regenerator,,
251,Celebi,,Mythical,Psychic,Grass,Natural Cure,,,,

252,Treecko,,,Grass,,Overgrow,,Unburden,,253
253,Grovyle,,,Grass,,Overgrow,,Unburden,252,254
254,Sceptile,,,Grass,,Overgrow,,Unburden,253,
255,Torchic,,,Fire,,Blaze,,Speed Boost,,256
256,Combusken,,,Fire,Fighting,Blaze,,Speed Boost,255,257
257,Blaziken,,,Fire,Fighting,Blaze,,Speed Boost,256,
258,Mudkip,,,Water,,Torrent,,Damp,,259
259,Marshtomp,,,Water,Ground,Torrent,,Damp,258,260
260,Swampert,,,Water,Ground,Torrent,,Damp,259,
261,Poochyena,,,Dark,,Run Away,Quick Feet,Rattled,,262
262,Mightyena,,,Dark,,Intimidate,Quick Feet,Moxie,261,
263a,Zigzagoon,Normal,,Normal,,Pickup,Gluttony,Quick Feet,,264a
263b,Zigzagoon,Galarian,,Dark,Normal,Pickup,Gluttony,Quick Feet,,264b
264a,Linoone,Normal,,Normal,,Pickup,Gluttony,Quick Feet,263a,
264b,Linoone,Galarian,,Dark,Normal,Pickup,Gluttony,Quick Feet,263b,862
265,Wurmple,,,Bug,,Shield Dust,,Run Away,,"266,268"
266,Silcoon,,,Bug,,Shed Skin,,,265,267
267,Beautifly,,,Bug,Flying,Swarm,,Rivalry,266,
268,Cascoon,,,Bug,,Shed Skin,,,265,269
269,Dustox,,,Bug,Poison,Shield Dust,,Compound Eyes,268,
270,Lotad,,,Water,Grass,Swift Swim,Rain Dish,Own Tempo,,271
271,Lombre,,,Water,Grass,Swift Swim,Rain Dish,Own Tempo,270,272
272,Ludicolo,,,Water,Grass,Swift Swim,Rain Dish,Own Tempo,271,
273,Seedot,,,Grass,,Chlorophyll,Early Bird,Pickpocket,,274
274,Nuzleaf,,,Grass,Dark,Chlorophyll,Early Bird,Pickpocket,273,275
275,Shiftry,,,Grass,Dark,Chlorophyll,Early Bird,Pickpocket,274,
276,Taillow,,,Normal,Flying,Guts,,Scrappy,,277
277,Swellow,,,Normal,Flying,Guts,,Scrappy,276,
278,Wingull,,,Water,Flying,Keen Eye,Hydration,Rain Dish,,279
279,Pelipper,,,Water,Flying,Keen Eye,Drizzle,Rain Dish,278,
280,Ralts,,,Psychic,Fairy,Synchronize,Trace,Telepathy,,281
281,Kirlia,,,Psychic,Fairy,Synchronize,Trace,Telepathy,280,"282,475"
282,Gardevoir,,,Psychic,Fairy,Synchronize,Trace,Telepathy,281,
283,Surskit,,,Bug,Water,Swift Swim,,Rain Dish,,284
284,Masquerain,,,Bug,Flying,Intimidate,,Unnerve,283,
285,Shroomish,,,Grass,,Effect Spore,Poison Heal,Quick Feet,,286
286,Breloom,,,Grass,Fighting,Effect Spore,Poison Heal,Technician,285,
287,Slakoth,,,Normal,,Truant,,,,288
288,Vigoroth,,,Normal,,Vital Spirit,,,287,289
289,Slaking,,,Normal,,Truant,,,288,
290,Nincada,,,Bug,Ground,Compound Eyes,,Run Away,,"291,292"
291,Ninjask,,,Bug,Flying,Speed Boost,,Infiltrator,290,
292,Shedinja,,,Bug,Ghost,Wonder Guard,,,290,
293,Whismur,,,Normal,,Soundproof,,Rattled,,294
294,Loudred,,,Normal,,Soundproof,,Scrappy,293,295
295,Exploud,,,Normal,,Soundproof,,Scrappy,294,
296,Makuhita,,,Fighting,,Thick Fat,Guts,Sheer Force,,297
297,Hariyama,,,Fighting,,Thick Fat,Guts,Sheer Force,296,
298,Azurill,,,Normal,Fairy,Thick Fat,Huge Power,Sap Sipper,,183
299,Nosepass,,,Rock,,Sturdy,Magnet Pull,Sand Force,,476
300,Skitty,,,Normal,,Cute Charm,Normalize,Wonder Skin,,301
301,Delcatty,,,Normal,,Cute Charm,Normalize,Wonder Skin,300,
302,Sableye,,,Dark,Ghost,Keen Eye,Stall,Prankster,,
303,Mawile,,,Steel,Fairy,Hyper Cutter,Intimidate,Sheer Force,,
304,Aron,,,Steel,Rock,Sturdy,Rock Head,Heavy Metal,,305
305,Lairon,,,Steel,Rock,Sturdy,Rock Head,Heavy Metal,304,306
306,Aggron,,,Steel,Rock,Sturdy,Rock Head,Heavy Metal,305,
307,Meditite,,,Fighting,Psychic,Pure Power,,Telepathy,,308
308,Medicham,,,Fighting,Psychic,Pure Power,,Telepathy,307,
309,Electrike,,,Electric,,Static,Lightning Rod,Minus,,309
310,Manectric,,,Electric,,Static,Lightning Rod,Minus,310,
311,Plusle,,,Electric,,Plus,,Lightning Rod,,
312,Minun,,,Electric,,Minus,,Volt Absorb,,
313,Volbeat,,,Bug,,Illuminate,Swarm,Prankster,,
314,Illumise,,,Bug,,Oblivious,Tinted Lens,Prankster,,
315,Roselia,,,Grass,Poison,Natural Cure,Poison Point,Leaf Guard,406,407
316,Gulpin,,,Poison,,Liquid Ooze,Sticky Hold,Gluttony,,317
317,Swalot,,,Poison,,Liquid Ooze,Sticky Hold,Gluttony,316,
318,Carvanha,,,Water,Dark,Rough Skin,,Speed Boost,,319
319,Sharpedo,,,Water,Dark,Rough Skin,,Speed Boost,318,
320,Wailmer,,,Water,,Water Veil,Oblivious,Pressure,,321
321,Wailord,,,Water,,Water Veil,Oblivious,Pressure,320,
322,Numel,,,Fire,Ground,Oblivious,Simple,Own Tempo,,323
323,Camerupt,,,Fire,Ground,Magma Armor,Solid Rock,Anger Point,,322
324,Torkoal,,,Fire,,White Smoke,Drought,Shell Armor,,
325,Spoink,,,Psychic,,Thick Fat,Own Tempo,Gluttony,,326
326,Grumpig,,,Psychic,,Thick Fat,Own Tempo,Gluttony,325,
327,Spinda,,,Normal,,Own Tempo,Tangled Feet,Contrary,,
328,Trapinch,,,Ground,,Hyper Cutter,Arena Trap,Sheer Force,,329
329,Vibrava,,,Ground,Dragon,Levitate,,,328,330
330,Flygon,,,Ground,Dragon,Levitate,,,329,
331,Cacnea,,,Grass,,Sand Veil,,Water Absorb,,332
332,Cacturne,,,Grass,Dark,Sand Veil,,Water Absorb,331,
333,Swablu,,,Normal,Flying,Natural Cure,,Cloud Nine,,334
334,Altaria,,,Dragon,Flying,Natural Cure,,Cloud Nine,333,
335,Zangoose,,,Normal,,Immunity,,Toxic Boost,,
336,Seviper,,,Poison,,Shed Skin,,Infiltrator,,
337,Lunatone,,,Rock,Psychic,Levitate,,,,
338,Solrock,,,Rock,Psychic,Levitate,,,,
339,Barboach,,,Water,Ground,Oblivious,Anticipation,Hydration,,340
340,Whiscash,,,Water,Ground,Oblivious,Anticipation,Hydration,339,
341,Corphish,,,Water,,Hyper Cutter,Shell Armor,Adaptability,,342
342,Crawdaunt,,,Water,Dark,Hyper Cutter,Shell Armor,Adaptability,341,
343,Baltoy,,,Ground,Psychic,Levitate,,,,344
344,Claydol,,,Ground,Psychic,Levitate,,,343,
345,Lileep,,,Rock,Grass,Suction Cups,,Storm Drain,,346
346,Cradily,,,Rock,Grass,Suction Cups,,Storm Drain,345,
347,Anorith,,,Rock,Bug,Battle Armor,,Swift Swim,,348
348,Armaldo,,,Rock,Bug,Battle Armor,,Swift Swim,347,
349,Feebas,,,Water,,Swift Swim,Oblivious,Adaptability,,350
350,Milotic,,,Water,,Marvel Scale,Competitive,Cute Charm,349,
351a,Castform,Normal,,Normal,,Forecast,,,,
351b,Castform,Sunny Form,,Fire,,Forecast,,,,
351c,Castform,Rainy Form,,Water,,Forecast,,,,
351d,Castform,Snowy Form,,Ice,,Forecast,,,,
352,Kecleon,,,Normal,,Color Change,,Protean,,
353,Shuppet,,,Ghost,,Insomnia,Frisk,Cursed Body,,354
354,Banette,,,Ghost,,Insomnia,Frisk,Cursed Body,353,
355,Duskull,,,Ghost,,Levitate,,Frisk,,356
356,Dusclops,,,Ghost,,Pressure,,Frisk,355,477
357,Tropius,,,Grass,Flying,Chlorophyll,Solar Power,Harvest,,
358,Chimecho,,,Psychic,,Levitate,,,433,
359,Absol,,,Dark,,Pressure,Super Luck,Justified,,
360,Wynaut,,,Psychic,,Shadow Tag,,Telepathy,,202
361,Snorunt,,,Ice,,Inner Focus,Ice Body,Moody,,"362,478"
362,Glalie,,,Ice,,Inner Focus,Ice Body,Moody,361,
363,Spheal,,,Ice,Water,Thick Fat,Ice Body,Oblivious,,364
364,Sealeo,,,Ice,Water,Thick Fat,Ice Body,Oblivious,363,365
365,Walrein,,,Ice,Water,Thick Fat,Ice Body,Oblivious,364,
366,Clamperl,,,Water,,Shell Armor,,Rattled,,"367,368"
367,Huntail,,,Water,,Swift Swim,,Water Veil,366,
368,Gorebyss,,,Water,,Swift Swim,,Hydration,366,
369,Relicanth,,,Water,Rock,Swift Swim,Rock Head,Sturdy,,
370,Luvdisc,,,Water,,Swift Swim,,Hydration,,
371,Bagon,,,Dragon,,Rock Head,,Sheer Force,,372
372,Shelgon,,,Dragon,,Rock Head,,Overcoat,371,373
373,Salamence,,,Dragon,Flying,Intimidate,,Moxie,372,
374,Beldum,,,Steel,Psychic,Clear Body,,Light Metal,,375
375,Metang,,,Steel,Psychic,Clear Body,,Light Metal,374,376
376,Metagross,,,Steel,Psychic,Clear Body,,Light Metal,375,
377,Regirock,,Legendary,Rock,,Clear Body,,Sturdy,,
378,Regice,,Legendary,Ice,,Clear Body,,Ice Body,,
379,Registeel,,Legendary,Steel,,Clear Body,,Light Metal,,
380,Latias,,Legendary,Dragon,Psychic,Levitate,,,,
381,Latios,,Legendary,Dragon,Psychic,Levitate,,,,
382,Kyogre,,Legendary,Water,,Drizzle,,,,
383,Groudon,,Legendary,Ground,,Drought,,,,
384,Rayquaza,,Legendary,Dragon,Flying,Air Lock,,,,
385,Jirachi,,Mythical,Steel,Psychic,Serene Grace,,,,
386a,Deoxys,Normal Forme,Mythical,Psychic,,Pressure,,,,
386b,Deoxys,Attack Forme,Mythical,Psychic,,Pressure,,,,
386c,Deoxys,Defense Forme,Mythical,Psychic,,Pressure,,,,
386d,Deoxys,Speed Forme,Mythical,Psychic,,Pressure,,,,

387,Turtwig,,,Grass,,Overgrow,,Shell Armor,,388
388,Grotle,,,Grass,,Overgrow,,Shell Armor,387,389
389,Torterra,,,Grass,Ground,Overgrow,,Shell Armor,388,
390,Chimchar,,,Fire,,Blaze,,Iron Fist,,391
391,Monferno,,,Fire,Fighting,Blaze,,Iron Fist,390,392
392,Infernape,,,Fire,Fighting,Blaze,,Iron Fist,391,
393,Piplup,,,Water,,Torrent,,Competitive,,394
394,Prinplup,,,Water,,Torrent,,Competitive,393,395
395,Empoleon,,,Water,Steel,Torrent,,Competitive,394,
396,Starly,,,Normal,Flying,Keen Eye,,Reckless,,397
397,Staravia,,,Normal,Flying,Intimidate,,Reckless,396,398
398,Staraptor,,,Normal,Flying,Intimidate,,Reckless,397,
399,Bidoof,,,Normal,,Simple,Unaware,Moody,,400
400,Bibarel,,,Normal,Water,Simple,Unaware,Moody,399,
401,Kricketot,,,Bug,,Shed Skin,,Run Away,,402
402,Kricketune,,,Bug,,Swarm,,Technician,401,
403,Shinx,,,Electric,,Rivalry,Intimidate,Guts,,404
404,Luxio,,,Electric,,Rivalry,Intimidate,Guts,403,405
405,Luxray,,,Electric,,Rivalry,Intimidate,Guts,404,
406,Budew,,,Grass,Poison,Natural Cure,Poison Point,Leaf Guard,315,
407,Roserade,,,Grass,Poison,Natural Cure,Poison Point,Technician,315,
408,Cranidos,,,Rock,,Mold Breaker,,Sheer Force,,409
409,Rampardos,,,Rock,,Mold Breaker,,Sheer Force,408,
410,Shieldon,,,Rock,Steel,Sturdy,,Soundproof,,411
411,Bastiodon,,,Rock,Steel,Sturdy,,Soundproof,410,
412a,Burmy,Plant Cloak,,Bug,,Shed Skin,,Overcoat,,413a
412b,Burmy,Sandy Cloak,,Bug,,Shed Skin,,Overcoat,,413b
412c,Burmy,Trash Cloak,,Bug,,Shed Skin,,Overcoat,,413c
413a,Wormadam,Plant Cloak,,Bug,Grass,Anticipation,,Overcoat,412a,414
413b,Wormadam,Sandy Cloak,,Bug,Ground,Anticipation,,Overcoat,412b,414
413c,Wormadam,Trash Cloak,,Bug,Steel,Anticipation,,Overcoat,412c,414
414,Mothim,,,Bug,Flying,Swarm,,Tinted Lens,"413a,413b,413c",
415,Combee,,,Bug,Flying,Honey Gather,,Hustle,,416
416,Vespiquen,,,Bug,Flying,Pressure,,Unnerve,415,
417,Pachirisu,,,Electric,,Run Away,Pickup,Volt Absorb,,
418,Buizel,,,Water,,Swift Swim,,Water Veil,,419
419,Floatzel,,,Water,,Swift Swim,,Water Veil,418,
420,Cherubi,,,Grass,,Chlorophyll,,,,421
421,Cherrim,,,Grass,,Flower Gift,,,420,
422a,Shellos,East Sea,,Water,,Sticky Hold,Storm Drain,Sand Force,,423a
422b,Shellos,West Sea,,Water,,Sticky Hold,Storm Drain,Sand Force,,423b
423a,Gastrodon,East Sea,,Water,Ground,Sticky Hold,Storm Drain,Sand Force,422a,
423b,Gastrodon,West Sea,,Water,Ground,Sticky Hold,Storm Drain,Sand Force,422b,
424,Ambipom,,,Normal,,Technician,Pickup,Skill Link,190,
425,Drifloon,,,Ghost,Flying,Aftermath,Unburden,Flare Boost,,426
426,Drifblim,,,Ghost,Flying,Aftermath,Unburden,Flare Boost,425,
427,Buneary,,,Normal,,Run Away,Klutz,Limber,,428
428,Lopunny,,,Normal,,Cute Charm,Klutz,Limber,427,
429,Mismagius,,,Ghost,,Levitate,,,200,
430,Honchkrow,,,Dark,Flying,Insomnia,,,198,
431,Glameow,,,Normal,,Limber,,,,432
432,Purugly,,,Normal,,Thick Fat,,,431,
433,Chingling,,,Psychic,,Levitate,,,,358
434,Stunky,,,Poison,Dark,Stench,Aftermath,Keen Eye,,435
435,Skuntank,,,Poison,Dark,Stench,Aftermath,Keen Eye,434,
436,Bronzor,,,Steel,Psychic,Levitate,Heatproof,Heavy Metal,,437
437,Bronzong,,,Steel,Psychic,Levitate,Heatproof,Heavy Metal,436,
438,Bonsly,,,Rock,,Sturdy,Rock Head,Rattled,,185
439,Mime Jr.,,,Psychic,Fairy,Soundproof,Filter,Technician,,"122,122a"
440,Happiny,,,Normal,,Natural Cure,Serene Grace,Friend Guard,,113
441,Chatot,,,Normal,Flying,Keen Eye,Tangled Feet,Big Pecks,,
442,Spiritomb,,,Ghost,Dark,Pressure,,Infiltrator,,
443,Gible,,,Dragon,Ground,Sand Veil,,Rough Skin,,444
444,Gabite,,,Dragon,Ground,Sand Veil,,Rough Skin,443,445
445,Garchomp,,,Dragon,Ground,Sand Veil,,Rough Skin,444,
446,Munchlax,,,Normal,,Pickup,Thick Fat,Gluttony,,143
447,Riolu,,,Fighting,,Steadfast,Inner Focus,Prankster,,448
448,Lucario,,,Fighting,Steel,Steadfast,Inner Focus,Justified,447,
449,Hippopotas,,,Ground,,Sand Stream,,Sand Force,,450
450,Hippowdon,,,Ground,,Sand Stream,,Sand Force,449,
451,Skorupi,,,Poison,Bug,Battle Armor,Sniper,Keen Eye,,452
452,Drapion,,,Poison,Dark,Battle Armor,Sniper,Keen Eye,451,
453,Croagunk,,,Poison,Fighting,Anticipation,Dry Skin,Poison Touch,,454
454,Toxicroak,,,Poison,Fighting,Anticipation,Dry Skin,Poison Touch,453,
455,Carnivine,,,Grass,,Levitate,,,,
456,Finneon,,,Water,,Swift Swim,Storm Drain,Water Veil,,457
457,Lumineon,,,Water,,Swift Swim,Storm Drain,Water Veil,456,
458,Mantyke,,,Water,Flying,Swift Swim,Water Absorb,Water Veil,,226
459,Snover,,,Grass,Ice,Snow Warning,,Soundproof,,460
460,Abomasnow,,,Grass,Ice,Snow Warning,,Soundproof,459,
461,Weavile,,,Dark,Ice,Pressure,,Pickpocket,215a,
462,Magnezone,,,Electric,Steel,Magnet Pull,Sturdy,Analytic,82,
463,Lickilicky,,,Normal,,Own Tempo,Oblivious,Cloud Nine,108,
464,Rhyperior,,,Ground,Rock,Lightning Rod,Solid Rock,Reckless,112,
465,Tangrowth,,,Grass,,Chlorophyll,Leaf Guard,Regenerator,114,
466,Electivire,,,Electric,,Motor Drive,,Vital Spirit,125,
467,Magmortar,,,Fire,,Flame Body,,Vital Spirit,126,
468,Togekiss,,,Fairy,Flying,Hustle,Serene Grace,Super Luck,176,
469,Yanmega,,,Bug,Flying,Speed Boost,Tinted Lens,Frisk,193,
470,Leafeon,,,Grass,,Leaf Guard,,Chlorophyll,133,
471,Glaceon,,,Ice,,Snow Cloak,,Ice Body,133,
472,Gliscor,,,Ground,Flying,Hyper Cutter,Sand Veil,Poison Heal,207,
473,Mamoswine,,,Ice,Ground,Oblivious,Snow Cloak,Thick Fat,221,
474,PorygonZ,,,Normal,,Adaptability,Download,Analytic,233,
475,Gallade,,,Psychic,Fighting,Steadfast,,Justified,,281
476,Probopass,,,Rock,Steel,Sturdy,Magnet Pull,Sand Force,299,
477,Dusknoir,,,Ghost,,Pressure,,Frisk,356,
478,Froslass,,,Ice,Ghost,Snow Cloak,,Cursed Body,361,
479,Rotom,Normal,,Electric,Ghost,Levitate,,,,
479,Rotom,Heat,,Electric,Fire,Levitate,,,,
479,Rotom,Wash,,Electric,Water,Levitate,,,,
479,Rotom,Frost,,Electric,Ice,Levitate,,,,
479,Rotom,Fan,,Electric,Flying,Levitate,,,,
479,Rotom,Mow,,Electric,Grass,Levitate,,,,
480,Uxie,,Legendary,Psychic,,Levitate,,,,
481,Mesprit,,Legendary,Psychic,,Levitate,,,,
482,Azelf,,Legendary,Psychic,,Levitate,,,,
483,Dialga,Standard Forme,Legendary,Steel,Dragon,Pressure,,Telepathy,,
483,Dialga,Origin Forme,Legendary,Steel,Dragon,Pressure,,Telepathy,,
484,Palkia,Standard Forme,Legendary,Water,Dragon,Pressure,,Telepathy,,
484,Palkia,Origin Forme,Legendary,Water,Dragon,Pressure,,Telepathy,,
485,Heatran,,Mythical,Fire,Steel,Flash Fire,,Flame Body,,
486,Regigigas,,Legendary,Normal,,Slow Start,,,,
487,Giratina,Standard Forme,Legendary,Ghost,Dragon,Pressure,,Telepathy,,
487,Giratina,Origin Forme,Legendary,Ghost,Dragon,Pressure,,Telepathy,,
488,Cresselia,,Legendary,Psychic,,Levitate,,,,
489,Phione,,,Water,,Hydration,,,,
490,Manaphy,,,Water,,Hydration,,,,
491,Darkrai,,Mythical,Dark,,Bad Dreams,,,,
492,Shaymin,Land Forme,Mythical,Grass,,Natural Cure,,,,
492,Shaymin,Sky Forme,Mythical,Grass,Flying,Serene Grace,,,,
493,Arceus,,Legendary,Normal,,Multitype,,,,

494,Victini,,,Psychic,Fire,Victory Star,,,,
495,Snivy,,,Grass,,Overgrow,,Contrary,,496
496,Servine,,,Grass,,Overgrow,,Contrary,495,497
497,Serperior,,,Grass,,Overgrow,,Contrary,496,
498,Tepig,,,Fire,,Blaze,,Thick Fat,,499
499,Pignite,,,Fire,Fighting,Blaze,,Thick Fat,498,500
500,Emboar,,,Fire,Fighting,Blaze,,Reckless,499,
501,Oshawott,,,Water,,Torrent,,Shell Armor,,502
502,Dewott,,,Water,,Torrent,,Shell Armor,501,"503a,503b"
503a,Samurott,Normal,,Water,,Torrent,,Shell Armor,502,
503b,Samurott,Hisuian,,Water,Dark,,,,502,
504,Patrat,,,Normal,,Run Away,Keen Eye,Analytic,,505
505,Watchog,,,Normal,,Illuminate,Keen Eye,Analytic,504,
506,Lillipup,,,Normal,,Vital Spirit,Pickup,Run Away,,507
507,Herdier,,,Normal,,Intimidate,Sand Rush,Scrappy,506,508
508,Stoutland,,,Normal,,Intimidate,Sand Rush,Scrappy,507,
509,Purrloin,,,Dark,,Limber,Unburden,Prankster,,510
510,Liepard,,,Dark,,Limber,Unburden,Prankster,509,
511,Pansage,,,Grass,,Gluttony,,Overgrow,,512
512,Simisage,,,Grass,,Gluttony,,Overgrow,511,
513,Pansear,,,Fire,,Gluttony,,Blaze,,514
514,Simisear,,,Fire,,Gluttony,,Blaze,513,
515,Panpour,,,Water,,Gluttony,,Torrent,,516
516,Simipour,,,Water,,Gluttony,,Torrent,515,
517,Munna,,,Psychic,,Forewarn,Synchronize,Telepathy,,518
518,Musharna,,,Psychic,,Forewarn,Synchronize,Telepathy,517,
519,Pidove,,,Normal,Flying,Big Pecks,Super Luck,Rivalry,,520
520,Tranquill,,,Normal,Flying,Big Pecks,Super Luck,Rivalry,519,521
521,Unfezant,,,Normal,Flying,Big Pecks,Super Luck,Rivalry,520,
522,Blitzle,,,Electric,,Lightning Rod,Motor Drive,Sap Sipper,,523
523,Zebstrika,,,Electric,,Lightning Rod,Motor Drive,Sap Sipper,522,
524,Roggenrola,,,Rock,,Sturdy,Weak Armor,Sand Force,,525
525,Boldore,,,Rock,,Sturdy,Weak Armor,Sand Force,524,526
526,Gigalith,,,Rock,,Sturdy,Sand Stream,Sand Force,525,
527,Woobat,,,Psychic,Flying,Unaware,Klutz,Simple,,528
528,Swoobat,,,Psychic,Flying,Unaware,Klutz,Simple,527,
529,Drilbur,,,Ground,,Sand Rush,Sand Force,Mold Breaker,,530
530,Excadrill,,,Ground,Steel,Sand Rush,Sand Force,Mold Breaker,529,
531,Audino,,,Normal,,Healer,Regenerator,Klutz,,
532,Timburr,,,Fighting,,Guts,Sheer Force,Iron Fist,,533
533,Gurdurr,,,Fighting,,Guts,Sheer Force,Iron Fist,532,534
534,Conkeldurr,,,Fighting,,Guts,Sheer Force,Iron Fist,,535
535,Tympole,,,Water,,Swift Swim,Hydration,Water Absorb,,536
536,Palpitoad,,,Water,Ground,Swift Swim,Hydration,Water Absorb,535,537
537,Seismitoad,,,Water,Ground,Swift Swim,Poison Touch,Water Absorb,536,
538,Throh,,,Fighting,,Guts,Inner Focus,Mold Breaker,,
539,Sawk,,,Fighting,,Sturdy,Inner Focus,Mold Breaker,,
540,Sewaddle,,,Bug,Grass,Swarm,Chlorophyll,Overcoat,,541
541,Swadloon,,,Bug,Grass,Leaf Guard,Chlorophyll,Overcoat,540,542
542,Leavanny,,,Bug,Grass,Swarm,Chlorophyll,Overcoat,541,
543,Venipede,,,Bug,Poison,Poison Point,Swarm,Speed Boost,,544
544,Whirlipede,,,Bug,Poison,Poison Point,Swarm,Speed Boost,543,545
545,Scolipede,,,Bug,Poison,Poison Point,Swarm,Speed Boost,544,
546,Cottonee,,,Grass,Fairy,Prankster,Infiltrator,Chlorophyll,,547
547,Whimsicott,,,Grass,Fairy,Prankster,Infiltrator,Chlorophyll,546,
548,Petilil,,,Grass,,Chlorophyll,Own Tempo,Leaf Guard,,"549a,549b"
549a,Lilligant,Normal,,Grass,,Chlorophyll,Own Tempo,Leaf Guard,548,
549b,Lilligant,Hisuian,,Grass,Fighting,,,,548,
550a,Basculin,Red-Striped,,Water,,Reckless,Adaptability,Mold Breaker,,"902a,902b"
550b,Basculin,Blue-Stripedorm,,Water,,Rock Head,Adaptability,Mold Breaker,,"902a,902b"
550c,Basculin,White-Striped,,Water,,,,,,
551,Sandile,,,Ground,Dark,Intimidate,Moxie,Anger Point,,552
552,Krokorok,,,Ground,Dark,Intimidate,Moxie,Anger Point,551,553
553,Krookodile,,,Ground,Dark,Intimidate,Moxie,Anger Point,552,
554a,Darumaka,Normal,,Fire,,Hustle,,Inner Focus,,555a
554b,Darumaka,Galarian,,Ice,,Hustle,,Inner Focus,,555c
555a,Darmanitan,Normal,,Fire,,Sheer Force,,Zen Mode,554a,
555b,Darmanitan,Normal - Zen Mode,,Fire,Psychic,Sheer Force,,Zen Mode,554a,
555c,Darmanitan,Galarian,,Ice,,Gorilla Tactics,,Zen Mode,554b,
555d,Darmanitan,Galarian - Zen Mode,,Ice,Fire,Gorilla Tactics,,Zen Mode,554b,
556,Maractus,,,Grass,,Water Absorb,Chlorophyll,Storm Drain,,
557,Dwebble,,,Bug,Rock,Sturdy,Shell Armor,Weak Armor,,558
558,Crustle,,,Bug,Rock,Sturdy,Shell Armor,Weak Armor,557,
559,Scraggy,,,Dark,Fighting,Shed Skin,Moxie,Intimidate,,560
560,Scrafty,,,Dark,Fighting,Shed Skin,Moxie,Intimidate,559,
561,Sigilyph,,,Psychic,Flying,Wonder Skin,Magic Guard,Tinted Lens,,
562a,Yamask,Normal,,Ghost,,Mummy,,,,563
562b,Yamask,Galarian,,Ground,Ghost,Wandering Spirit,,,,867
563,Cofagrigus,,,Ghost,,Mummy,,,562a,
564,Tirtouga,,,Water,Rock,Solid Rock,Sturdy,Swift Swim,,565
565,Carracosta,,,Water,Rock,Solid Rock,Sturdy,Swift Swim,564,
566,Archen,,,Rock,Flying,Defeatist,,,,567
567,Archeops,,,Rock,Flying,Defeatist,,,566,
568,Trubbish,,,Poison,,Stench,Sticky Hold,Aftermath,,569
569,Garbodor,,,Poison,,Stench,Weak Armor,Aftermath,568,
570a,Zorua,Normal,,Dark,,Illusion,,,,571a
570b,Zorua,Hisuian,,Normal,Ghost,,,,,571b
571a,Zoroark,Normal,,Dark,,Illusion,,,570a,
571b,Zoroark,Hisuian,,Normal,Ghost,,,,570b,
572,Minccino,,,Normal,,Cute Charm,Technician,Skill Link,,573
573,Cinccino,,,Normal,,Cute Charm,Technician,Skill Link,572,
574,Gothita,,,Psychic,,Frisk,Competitive,Shadow Tag,,575
575,Gothorita,,,Psychic,,Frisk,Competitive,Shadow Tag,574,576
576,Gothitelle,,,Psychic,,Frisk,Competitive,Shadow Tag,575,
577,Solosis,,,Psychic,,Overcoat,Magic Guard,Regenerator,,578
578,Duosion,,,Psychic,,Overcoat,Magic Guard,Regenerator,577,579
579,Reuniclus,,,Psychic,,Overcoat,Magic Guard,Regenerator,578,
580,Ducklett,,,Water,Flying,Keen Eye,Big Pecks,Hydration,,581
581,Swanna,,,Water,Flying,Keen Eye,Big Pecks,Hydration,580,
582,Vanillite,,,Ice,,Ice Body,Snow Cloak,Weak Armor,,583
583,Vanillish,,,Ice,,Ice Body,Snow Cloak,Weak Armor,582,584
584,Vanilluxe,,,Ice,,Ice Body,Snow Warning,Weak Armor,583,
585a,Deerling,Spring Form,,Normal,Grass,Chlorophyll,Sap Sipper,Serene Grace,,586a
585b,Deerling,Summer Form,,Normal,Grass,Chlorophyll,Sap Sipper,Serene Grace,,586b
585c,Deerling,Autumn Form,,Normal,Grass,Chlorophyll,Sap Sipper,Serene Grace,,586c
585d,Deerling,Winter Form,,Normal,Grass,Chlorophyll,Sap Sipper,Serene Grace,,586d
586a,Sawsbuck,Spring Form,,Normal,Grass,Chlorophyll,Sap Sipper,Serene Grace,,585a
586b,Sawsbuck,Summer Form,,Normal,Grass,Chlorophyll,Sap Sipper,Serene Grace,,585b
586c,Sawsbuck,Autumn Form,,Normal,Grass,Chlorophyll,Sap Sipper,Serene Grace,,585c
586d,Sawsbuck,Winter Form,,Normal,Grass,Chlorophyll,Sap Sipper,Serene Grace,,585d
587,Emolga,,,Electric,Flying,Static,,Motor Drive,,
588,Karrablast,,,Bug,,Swarm,Shed Skin,No Guard,,589
589,Escavalier,,,Bug,Steel,Swarm,Shell Armor,Overcoat,588,
590,Foongus,,,Grass,Poison,Effect Spore,,Regenerator,,591
591,Amoonguss,,,Grass,Poison,Effect Spore,,Regenerator,590,
592a,Frillish,Male,,Water,Ghost,Water Absorb,Cursed Body,Damp,,593a
592b,Frillish,Female,,Water,Ghost,Water Absorb,Cursed Body,Damp,,593b
593a,Jellicent,Male,,Water,Ghost,Water Absorb,Cursed Body,Damp,592a,
593b,Jellicent,Female,,Water,Ghost,Water Absorb,Cursed Body,Damp,592b,
594,Alomomola,,,Water,,Healer,Hydration,Regenerator,,
595,Joltik,,,Bug,Electric,Compound Eyes,Unnerve,Swarm,,596
596,Galvantula,,,Bug,Electric,Compound Eyes,Unnerve,Swarm,595,
597,Ferroseed,,,Grass,Steel,Iron Barbs,,,,598
598,Ferrothorn,,,Grass,Steel,Iron Barbs,,Anticipation,597,
599,Klink,,,Steel,,Plus,Minus,Clear Body,,600
600,Klang,,,Steel,,Plus,Minus,Clear Body,599,601
601,Klinklang,,,Steel,,Plus,Minus,Clear Body,600,
602,Tynamo,,,Electric,,Levitate,,,,603
603,Eelektrik,,,Electric,,Levitate,,,602,604
604,Eelektross,,,Electric,,Levitate,,,603,
605,Elgyem,,,Psychic,,Telepathy,Synchronize,Analytic,,606
606,Beheeyem,,,Psychic,,Telepathy,Synchronize,Analytic,605,
607,Litwick,,,Ghost,Fire,Flash Fire,Flame Body,Infiltrator,,608
608,Lampent,,,Ghost,Fire,Flash Fire,Flame Body,Infiltrator,607,609
609,Chandelure,,,Ghost,Fire,Flash Fire,Flame Body,Infiltrator,608,
610,Axew,,,Dragon,,Rivalry,Mold Breaker,Unnerve,,611
611,Fraxure,,,Dragon,,Rivalry,Mold Breaker,Unnerve,610,612
612,Haxorus,,,Dragon,,Rivalry,Mold Breaker,Unnerve,611,
613,Cubchoo,,,Ice,,Snow Cloak,Slush Rush,Rattled,,614
614,Beartic,,,Ice,,Snow Cloak,Slush Rush,Swift Swim,613,
615,Cryogonal,,,Ice,,Levitate,,,,
616,Shelmet,,,Bug,,Hydration,Shell Armor,Overcoat,,617
617,Accelgor,,,Bug,,Hydration,Sticky Hold,Unburden,616,
618a,Stunfisk,Normal,,Ground,Electric,Static,Limber,Sand Veil,,
618b,Stunfisk,Galarian,,Ground,Steel,Mimicry,,,,
619,Mienfoo,,,Fighting,,Inner Focus,Regenerator,Reckless,,620
620,Mienshao,,,Fighting,,Inner Focus,Regenerator,Reckless,619,
621,Druddigon,,,Dragon,,Rough Skin,Sheer Force,Mold Breaker,,
622,Golett,,,Ground,Ghost,Iron Fist,Klutz,No Guard,,623
623,Golurk,,,Ground,Ghost,Iron Fist,Klutz,No Guard,622,
624,Pawniard,,,Dark,Steel,Defiant,Inner Focus,Pressure,,625
625,Bisharp,,,Dark,Steel,Defiant,Inner Focus,Pressure,624,
626,Bouffalant,,,Normal,,Reckless,Sap Sipper,Soundproof,,
627,Rufflet,,,Normal,Flying,Keen Eye,Sheer Force,Hustle,,"628a,628b"
628a,Braviary,Normal,,Normal,Flying,Keen Eye,Sheer Force,Defiant,627,
628b,Braviary,Hisuian,,Psychic,Flying,,,,627,
629,Vullaby,,,Dark,Flying,Big Pecks,Overcoat,Weak Armor,,630
630,Mandibuzz,,,Dark,Flying,Big Pecks,Overcoat,Weak Armor,629,
631,Heatmor,,,Fire,,Gluttony,Flash Fire,White Smoke,,
632,Durant,,,Bug,Steel,Swarm,Hustle,Truant,,
633,Deino,,,Dark,Dragon,Hustle,,,,634
634,Zweilous,,,Dark,Dragon,Hustle,,,633,635
635,Hydreigon,,,Dark,Dragon,Levitate,,,634,
636,Larvesta,,,Bug,Fire,Flame Body,,Swarm,,637
637,Volcarona,,,Bug,Fire,Flame Body,,Swarm,636,
638,Cobalion,,Legendary,Steel,Fighting,Justified,,,,
639,Terrakion,,Legendary,Rock,Fighting,Justified,,,,
640,Virizion,,Legendary,Grass,Fighting,Justified,,,,
641a,Tornadus,Incarnate Forme,Legendary,Flying,,Prankster,,Defiant,,
641b,Tornadus,Therian Forme,Legendary,Flying,,Prankster,,Defiant,,
642a,Thundurus,Incarnate Forme,Legendary,Electric,Flying,Prankster,,Defiant,,
642b,Thundurus,Therian Forme,Legendary,Electric,Flying,Prankster,,Defiant,,
643,Reshiram,,Legendary,Dragon,Fire,Turboblaze,,,,
644,Zekrom,,Legendary,Dragon,Electric,Teravolt,,,,
645a,Landorus,Incarnate Forme,Legendary,Ground,Flying,Sand Force,,Sheer Force,,
645b,Landorus,Therian Forme,Legendary,Ground,Flying,Sand Force,,Sheer Force,,
646,Kyurem,,Legendary,Dragon,Ice,Pressure,,,,
647a,Keldeo,Ordinary Form,Mythical,Water,Fighting,Justified,,,,
647b,Keldeo,Resolute Form,Mythical,Water,Fighting,Justified,,,,
648a,Meloetta,Aria Forme,Mythical,Normal,Psychic,Serene Grace,,,,
648b,Meloetta,Pirouette Forme,Mythical,Normal,Fighting,Serene Grace,,,,
649,Genesect,,Mythical,Bug,Steel,Download,,,,

650,Chespin,,,Grass,,Overgrow,,Bulletproof,,651
651,Quilladin,,,Grass,,Overgrow,,Bulletproof,650,652
652,Chesnaught,,,Grass,Fighting,Overgrow,,Bulletproof,651,
653,Fennekin,,,Fire,,Blaze,,Magician,,654
654,Braixen,,,Fire,,Blaze,,Magician,653,655
655,Delphox,,,Fire,Psychic,Blaze,,Magician,654,
656,Froakie,,,Water,,Torrent,,Protean,,657
657,Frogadier,,,Water,,Torrent,,Protean,656,658a
658a,Greninja,,,Water,Dark,Torrent,,Protean,657,
658b,Greninja,Ash-Greninja,,Water,Dark,Battle Bond,,,,
659,Bunnelby,,,Normal,,Pickup,Cheek Pouch,Huge Power,,660
660,Diggersby,,,Normal,Ground,Pickup,Cheek Pouch,Huge Power,659,
661,Fletchling,,,Fire,Flying,Big Pecks,,Gale Wings,,662
662,Fletchinder,,,Fire,Flying,Flame Body,,Gale Wings,661,663
663,Talonflame,,,Fire,Flying,Flame Body,,Gale Wings,662,
664,Scatterbug,,,Bug,,Shield Dust,Compound Eyes,Friend Guard,,665
665,Spewpa,,,Bug,,Shed Skin,,Friend Guard,664,"666a,666b,666c,666d,666e,666f,666g,666h,666i,666j,666k,666l,666m,666n,666o,666p,666q,666r,666s,666t"
666a,Vivillon,Pattern: Archipelago,,Bug,Flying,Shield Dust,Compound Eyes,Friend Guard,665,
666b,Vivillon,Pattern: Continental,,Bug,Flying,Shield Dust,Compound Eyes,Friend Guard,665,
666c,Vivillon,Pattern: Elegant,,Bug,Flying,Shield Dust,Compound Eyes,Friend Guard,665,
666d,Vivillon,Pattern: Garden,,Bug,Flying,Shield Dust,Compound Eyes,Friend Guard,665,
666e,Vivillon,Pattern: High Plains,,Bug,Flying,Shield Dust,Compound Eyes,Friend Guard,665,
666f,Vivillon,Pattern: Icy Snow,,Bug,Flying,Shield Dust,Compound Eyes,Friend Guard,665,
666g,Vivillon,Pattern: Jungle,,Bug,Flying,Shield Dust,Compound Eyes,Friend Guard,665,
666h,Vivillon,Pattern: Marine,,Bug,Flying,Shield Dust,Compound Eyes,Friend Guard,665,
666i,Vivillon,Pattern: Meadow,,Bug,Flying,Shield Dust,Compound Eyes,Friend Guard,665,
666j,Vivillon,Pattern: Modern,,Bug,Flying,Shield Dust,Compound Eyes,Friend Guard,665,
666k,Vivillon,Pattern: Monsoon,,Bug,Flying,Shield Dust,Compound Eyes,Friend Guard,665,
666l,Vivillon,Pattern: Ocean,,Bug,Flying,Shield Dust,Compound Eyes,Friend Guard,665,
666m,Vivillon,Pattern: Polar,,Bug,Flying,Shield Dust,Compound Eyes,Friend Guard,665,
666n,Vivillon,Pattern: River,,Bug,Flying,Shield Dust,Compound Eyes,Friend Guard,665,
666o,Vivillon,Pattern: Sandstorm,,Bug,Flying,Shield Dust,Compound Eyes,Friend Guard,665,
666p,Vivillon,Pattern: Savanna,,Bug,Flying,Shield Dust,Compound Eyes,Friend Guard,665,
666q,Vivillon,Pattern: Sun,,Bug,Flying,Shield Dust,Compound Eyes,Friend Guard,665,
666r,Vivillon,Pattern: Tundra,,Bug,Flying,Shield Dust,Compound Eyes,Friend Guard,665,
666s,Vivillon,Pattern: Fancy,,Bug,Flying,Shield Dust,Compound Eyes,Friend Guard,665,
666t,Vivillon,Pattern: Poké Ball,,Bug,Flying,Shield Dust,Compound Eyes,Friend Guard,665,
667,Litleo,,,Fire,Normal,Rivalry,Unnerve,Moxie,,668
668,Pyroar,,,Fire,Normal,Rivalry,Unnerve,Moxie,667,
669a,Flabébé,Red Flower,,Fairy,,Flower Veil,,Symbiosis,,670a
669b,Flabébé,Yellow Flower,,Fairy,,Flower Veil,,Symbiosis,,670b
669c,Flabébé,Orange Flower,,Fairy,,Flower Veil,,Symbiosis,,670c
669d,Flabébé,Blue Flower,,Fairy,,Flower Veil,,Symbiosis,,670d
669e,Flabébé,White Flower,,Fairy,,Flower Veil,,Symbiosis,,670e
670a,Floette,Red Flower,,Fairy,,Flower Veil,,Symbiosis,669a,671a
670b,Floette,Yellow Flower,,Fairy,,Flower Veil,,Symbiosis,669b,671b
670c,Floette,Orange Flower,,Fairy,,Flower Veil,,Symbiosis,669c,671c
670d,Floette,Blue Flower,,Fairy,,Flower Veil,,Symbiosis,669d,671d
670e,Floette,White Flower,,Fairy,,Flower Veil,,Symbiosis,669e,671e
671a,Florges,Red Flower,,Fairy,,Flower Veil,,Symbiosis,670a,
671b,Florges,Yellow Flower,,Fairy,,Flower Veil,,Symbiosis,670b,
671c,Florges,Orange Flower,,Fairy,,Flower Veil,,Symbiosis,670c,
671d,Florges,Blue Flower,,Fairy,,Flower Veil,,Symbiosis,670d,
671e,Florges,White Flower,,Fairy,,Flower Veil,,Symbiosis,670e,
672,Skiddo,,,Grass,,Sap Sipper,,Grass Pelt,,673
673,Gogoat,,,Grass,,Sap Sipper,,Grass Pelt,672,
674,Pancham,,,Fighting,,Iron Fist,Mold Breaker,Scrappy,,675
675,Pangoro,,,Fighting,Dark,Iron Fist,Mold Breaker,Scrappy,674,
676a,Furfrou,Natural Form,,Normal,,Fur Coat,,,,
676b,Furfrou,Heart Trim,,Normal,,Fur Coat,,,,
676c,Furfrou,Star Trim,,Normal,,Fur Coat,,,,
676d,Furfrou,Diamond Trim,,Normal,,Fur Coat,,,,
676e,Furfrou,Debutante Trim,,Normal,,Fur Coat,,,,
676f,Furfrou,Matron Trim,,Normal,,Fur Coat,,,,
676g,Furfrou,Dandy Trim,,Normal,,Fur Coat,,,,
676h,Furfrou,La Reine Trim,,Normal,,Fur Coat,,,,
676i,Furfrou,Kabuki Trim,,Normal,,Fur Coat,,,,
676j,Furfrou,Pharaoh Trim,,Normal,,Fur Coat,,,,
677,Espurr,,,Psychic,,Keen Eye,Infiltrator,Own Tempo,,"678a,678b"
678a,Meowstic,Male,,Psychic,,Keen Eye,Infiltrator,Prankster,677,
678b,Meowstic,Female,,Psychic,,Keen Eye,Infiltrator,Competitive,677,
679,Honedge,,,Steel,Ghost,No Guard,,,,680
680,Doublade,,,Steel,Ghost,No Guard,,,679,681
681,Aegislash,Shield Forme,,Steel,Ghost,Stance Change,,,680,
681,Aegislash,Blade Forme,,Steel,Ghost,Stance Change,,,680,
682,Spritzee,,,Fairy,,Healer,,Aroma Veil,,683
683,Aromatisse,,,Fairy,,Healer,,Aroma Veil,682,
684,Swirlix,,,Fairy,,Sweet Veil,,Unburden,,685
685,Slurpuff,,,Fairy,,Sweet Veil,,Unburden,684,
686,Inkay,,,Dark,Psychic,Contrary,Suction Cups,Infiltrator,,687
687,Malamar,,,Dark,Psychic,Contrary,Suction Cups,Infiltrator,686,
688,Binacle,,,Rock,Water,Tough Claws,Sniper,Pickpocket,,689
689,Barbaracle,,,Rock,Water,Tough Claws,Sniper,Pickpocket,688,
690,Skrelp,,,Poison,Water,Poison Point,Poison Touch,Adaptability,,691
691,Dragalge,,,Poison,Dragon,Poison Point,Poison Touch,Adaptability,690,
692,Clauncher,,,Water,,Mega Clauncher,,,,693
693,Clawitzer,,,Water,,Mega Clauncher,,,692,
694,Helioptile,,,Electric,Normal,Dry Skin,Sand Veil,Solar Power,,695
695,Heliolisk,,,Electric,Normal,Dry Skin,Sand Veil,Solar Power,694,
696,Tyrunt,,,Rock,Dragon,Strong Jaw,,Sturdy,,697
697,Tyrantrum,,,Rock,Dragon,Strong Jaw,,Rock Head,696,
698,Amaura,,,Rock,Ice,Refrigerate,,Snow Warning,,699
699,Aurorus,,,Rock,Ice,Refrigerate,,Snow Warning,698,
700,Sylveon,,,Fairy,,Cute Charm,,Pixilate,133,

701,Hawlucha,,,Fighting,Flying,Limber,Unburden,Mold Breaker,,
702,Dedenne,,,Electric,Fairy,Cheek Pouch,Pickup,Plus,,
703,Carbink,,,Rock,Fairy,Clear Body,,Sturdy,,
704,Goomy,,,Dragon,,Sap Sipper,Hydration,Gooey,,"705a,705b"
705a,Sliggoo,Normal,,Dragon,,Sap Sipper,Hydration,Gooey,704,706a
705b,Sliggoo,Hisuian,,Steel,Dragon,,,,704,706b
706a,Goodra,Normal,,Dragon,,Sap Sipper,Hydration,Gooey,705a,
706b,Goodra,Hisuian,,Steel,Dragon,,,,705b,
707,Klefki,,,Steel,Fairy,Prankster,,Magician,,
708,Phantump,,,Ghost,Grass,Natural Cure,Frisk,Harvest,,709
709,Trevenant,,,Ghost,Grass,Natural Cure,Frisk,Harvest,708,
710a,Pumpkaboo,Small Size,,Ghost,Grass,Pickup,Frisk,Insomnia,,711a
710b,Pumpkaboo,Average Size,,Ghost,Grass,Pickup,Frisk,Insomnia,,711b
710c,Pumpkaboo,Large Size,,Ghost,Grass,Pickup,Frisk,Insomnia,,711c
710d,Pumpkaboo,Super Size,,Ghost,Grass,Pickup,Frisk,Insomnia,,711d
711a,Gourgeist,Small Size,,Ghost,Grass,Pickup,Frisk,Insomnia,710a,
711b,Gourgeist,Average Size,,Ghost,Grass,Pickup,Frisk,Insomnia,710b,
711c,Gourgeist,Large Size,,Ghost,Grass,Pickup,Frisk,Insomnia,710c,
711d,Gourgeist,Super Size,,Ghost,Grass,Pickup,Frisk,Insomnia,710d,
712,Bergmite,,,Ice,,Own Tempo,Ice Body,Sturdy,,"713a,713b"
713a,Avalugg,Normal,,Ice,,Own Tempo,Ice Body,Sturdy,712,
713b,Avalugg,Hisuian,,Ice,Rock,,,,712,
714,Noibat,,,Flying,Dragon,Frisk,Infiltrator,Telepathy,,715
715,Noivern,,,Flying,Dragon,Frisk,Infiltrator,Telepathy,714,
716a,Xerneas,Neutral Mode,,Fairy,,,Fairy Aura,,,,
716b,Xerneas,Active Mode,,Fairy,,,Fairy Aura,,,,
717,Yveltal,,,Dark,Flying,Dark Aura,,,,
718a,Zygarde,10% Forme,,Dragon,Ground,Aura Break,Power Construct,,,
718b,Zygarde,50% Forme,,Dragon,Ground,Aura Break,Power Construct,,,
718c,Zygarde,Complete Forme,,Dragon,Ground,Aura Break,Power Construct,,,
719,Diancie,,,Rock,Fairy,Clear Body,,,,
720a,Hoopa,Hoopa Confined,,Psychic,Ghost,Magician,,,,
720b,Hoopa,Hoopa Unbound,,Psychic,Dark,Magician,,,,
721,Volcanion,,,Fire,Water,Water Absorb,,,,

722,Rowlet,,,Grass,Flying,Overgrow,,Long Reach,,723
723,Dartrix,,,Grass,Flying,Overgrow,,Long Reach,722,"724a,724b"
724a,Decidueye,Normal,,Grass,Ghost,Overgrow,,Long Reach,723,
724b,Decidueye,Hisuian,,Grass,Fighting,,,,723,
725,Litten,,,Fire,,Blaze,,Intimidate,,726
726,Torracat,,,Fire,,Blaze,,Intimidate,725,727
727,Incineroar,,,Fire,Dark,Blaze,,Intimidate,726,
728,Popplio,,,Water,,Torrent,,Liquid Voice,,729
729,Brionne,,,Water,,Torrent,,Liquid Voice,728,730
730,Primarina,,,Water,Fairy,Torrent,,Liquid Voice,729,
731,Pikipek,,,Normal,Flying,Keen Eye,Skill Link,Pickup,,732
732,Trumbeak,,,Normal,Flying,Keen Eye,Skill Link,Pickup,731,733
733,Toucannon,,,Normal,Flying,Keen Eye,Skill Link,Sheer Force,732,
734,Yungoos,,,Normal,,Stakeout,Strong Jaw,Adaptability,,735
735,Gumshoos,,,Normal,,Stakeout,Strong Jaw,Adaptability,734,
736,Grubbin,,,Bug,,Swarm,,,,737
737,Charjabug,,,Bug,Electric,Battery,,,736,738
738,Vikavolt,,,Bug,Electric,Levitate,,,,737
739,Crabrawler,,,Fighting,,Hyper Cutter,Iron Fist,Anger Point,,740
740,Crabominable,,,Fighting,Ice,Hyper Cutter,Iron Fist,Anger Point,739,
741a,Oricorio,Baile Style,,Fire,Flying,Dancer,,,,
741b,Oricorio,Pom-Pom Style,,Electric,Flying,Dancer,,,,
741c,Oricorio,Pa'u Style,,Psychic,Flying,Dancer,,,,
741d,Oricorio,Sensu Style,,Ghost,Flying,Dancer,,,,
742,Cutiefly,,,Bug,Fairy,Honey Gather,Shield Dust,Sweet Veil,,743
743,Ribombee,,,Bug,,Honey Gather,Shield Dust,Sweet Veil,742,
744,Rockruff,,,Rock,,Keen Eye,Vital Spirit,Steadfast,,"745a,745b,745c"
745a,Lycanroc,Midday Form,,Rock,,Keen Eye,Sand Rush,Steadfast,744,
745b,Lycanroc,Midnight Form,,Rock,,Keen Eye,Vital Spirit,No Guard,744,
745c,Lycanroc,Dusk Form,,Rock,,Tough Claws,,,744,
746,Wishiwashi,,,Water,,Schooling,,,,
747,Mareanie,,,Water,,Merciless,Limber,Regenerator,,748
748,Toxapex,,,Poison,Water,Merciless,Limber,Regenerator,747,
749,Mudbray,,,Ground,,Own Tempo,Stamina,Inner Focus,,750
750,Mudsdale,,,Ground,,Own Tempo,Stamina,Inner Focus,749,
751,Dewpider,,,Water,Bug,Water Bubble,,Water Absorb,,752
752,Araquanid,,,Water,Bug,Water Bubble,,Water Absorb,751,
753,Fomantis,,,Grass,,Leaf Guard,,Contrary,,754
754,Lurantis,,,Grass,,Leaf Guard,,Contrary,753,
755,Morelull,,,Grass,Fairy,Illuminate,Effect Spore,Rain Dish,,756
756,Shiinotic,,,Grass,Fairy,Illuminate,Effect Spore,Rain Dish,755,
757,Salandit,,,Poison,Fire,Corrosion,,Oblivious,,758
758,Salazzle,,,Poison,Fire,Corrosion,,Oblivious,757,
759,Stufful,,,Normal,Fighting,Fluffy,Klutz,Cute Charm,,760
760,Bewear,,,Normal,Fighting,Fluffy,Klutz,Unnerve,759,
761,Bounsweet,,,Grass,,Leaf Guard,Oblivious,Sweet Veil,,762
762,Steenee,,,Grass,,Leaf Guard,Oblivious,Sweet Veil,761,763
763,Tsareena,,,Grass,,Leaf Guard,Queenly Majesty,Sweet Veil,762,
764,Comfey,,,Fairy,,Flower Veil,Triage,Natural Cure,,
765,Oranguru,,,Normal,Psychic,Inner Focus,Telepathy,Symbiosis,,
766,Passimian,,,Fighting,,Receiver,,Defiant,,
767,Wimpod,,,Bug,Water,Wimp Out,,,,768
768,Golisopod,,,Bug,Water,Emergency Exit,,,767,
769,Sandygast,,,Ghost,Ground,Water Compaction,,Sand Veil,,770
770,Palossand,,,Ghost,Ground,Water Compaction,,Sand Veil,769,
771,Pyukumuku,,,Water,,Innards Out,,Unaware,,
772,Type: Null,,Legendary,Normal,,Battle Armor,,,,773
773,Silvally,Type: Normal,Legendary,Normal,,RKS System,,,772,
774a,Minior,Meteor Form,,Rock,Flying,Shields Down,,,,
774b,Minior,Red Core,,Rock,Flying,Shields Down,,,,
774c,Minior,Orange Core,,Rock,Flying,Shields Down,,,,
774d,Minior,Yellow Core,,Rock,Flying,Shields Down,,,,
774e,Minior,Green Core,,Rock,Flying,Shields Down,,,,
774f,Minior,Blue Core,,Rock,Flying,Shields Down,,,,
774g,Minior,Indigo Core,,Rock,Flying,Shields Down,,,,
774h,Minior,Violet Core,,Rock,Flying,Shields Down,,,,
775,Komala,,,Normal,,Comatose,,,,
776,Turtonator,,,Fire,Dragon,Shell Armor,,,,
777,Togedemaru,,,Electric,Steel,Iron Barbs,Lightning Rod,Sturdy,,
778,Mimikyu,,,Ghost,Fairy,Disguise,,,,
779,Bruxish,,,Water,Psychic,Dazzling,Strong Jaw,Wonder Skin,,
780,Drampa,,,Normal,Dragon,Berserk,Sap Sipper,Cloud Nine,,
781,Dhelmise,,,Ghost,Grass,Steelworker,,,,
782,Jangmo-o,,,Dragon,,Bulletproof,Soundproof,Overcoat,,783
783,Hakamo-o,,,Dragon,Fighting,Bulletproof,Soundproof,Overcoat,782,784
784,Kommo-o,,,Dragon,Fighting,Bulletproof,Soundproof,Overcoat,783,
785,Tapu Koko,,Legendary,Electric,Fairy,Electric Surge,,Telepathy,,
786,Tapu Lele,,Legendary,Psychic,Fairy,Psychic Surge,,Telepathy,,
787,Tapu Bulu,,Legendary,Grass,Fairy,Grassy Surge,,Telepathy,,
788,Tapu Fini,,Legendary,Water,Fairy,Misty Surge,,Telepathy,,
789,Cosmog,,Legendary,Psychic,,Unaware,,,,790
790,Cosmoem,,Legendary,Psychic,,Sturdy,,,789,"791,792"
791,Solgaleo,,Legendary,Psychic,Steel,Full Metal Body,,,790,
792,Lunala,,Legendary,Psychic,Ghost,Shadow Shield,,,790,
793,Nihilego,,Legendary,Rock,Poison,Beast Boost,,,,
794,Buzzwole,,Legendary,Bug,Fighting,Beast Boost,,,,
795,Pheromosa,,Legendary,Bug,Fighting,Beast Boost,,,,
796,Xurkitree,,Legendary,Electric,,Beast Boost,,,,
797,Celesteela,,Legendary,Steel,Flying,Beast Boost,,,,
798,Kartana,,Legendary,Grass,Steel,Beast Boost,,,,
799,Guzzlord,,Legendary,Dark,Dragon,Beast Boost,,,,
800,Necrozma,,Legendary,Psychic,,Prism Armor,,,,
801a,Magearna,,Mythical,Steel,Fairy,Soul-Heart,,,,
801b,Magearna,Original Color,Mythical,Steel,Fairy,Soul-Heart,,,,
802,Marshadow,,Mythical,Fighting,Ghost,Technician,,,,
803,Poipole,,Legendary,Poison,,Beast Boost,,,,804
804,Naganadel,,Legendary,Poison,Dragon,Beast Boost,,,803,
805,Stakataka,,Legendary,Rock,Steel,Beast Boost,,,,
806,Blacephalon,,Legendary,Fire,Ghost,Beast Boost,,,,
807,Zeraora,,Mythical,Electric,,Volt Absorb,,,,
808,Meltan,,Mythical,Steel,,Magnet Pull,,,,809
809,Melmetal,,Mythical,Steel,,Iron Fist,,,808,

862,Obstagoon,,,Dark,Normal,Reckless,Guts,Defiant,264b,
863,Perrserker,,,Steel,,Battle Armor,Tough Claws,Steely Spirit,52c,
864,Cursola,,,Ghost,,Weak Armor,,Perish Body,222b,
865,Sirfetch'd,,,Fighting,,Steadfast,,Scrappy,83b,
866,Mr. Rime,,,Ice,Psychic,Tangled Feet,Screen Cleaner,Ice Body,122b,

899,Wyrdeer,,,Normal,Psychic,Intimidate,Frisk,Sap Sipper,234,
900,Kleavor,,,Bug,Rock,Swarm,Sheer Force,Steadfast,123,
901,Ursaluna,,,Ground,Normal,Guts,Bulletproof,Unnerve,217,
902a,Basculegion,Male,,Water,Ghost,Rattled,Adaptability,Mold Breaker,"550a,550b",
902b,Basculegion,Female,,Water,Ghost,Rattled,Adaptability,Mold Breaker,"550a,550b",
903,Sneasler,,,Fighting,Poison,Pressure,,Poison Touch,215b,
904,Overqwil,,,Dark,Poison,Poison Point,Swift Swim,Intimidate,211b,

980,Clodsire,,,Poison,Ground,Poison Point,Water Absorb,Unaware,194b,
981,Farigiraf,,,Normal,Psychic,Cud Chew,Armor Tail,Sap Sipper,203,
982a,Dudunsparce,Two-Segment,,Normal,,Serene Grace,Run Away,Rattled,206,
982b,Dudunsparce,Three-Segment,,Normal,,Serene Grace,Run Away,Rattled,206,
